"Path","Hash"
"D:\BaiduSyncdisk\unity\Chongfandiq\Assets\LastLight\Editor.meta","2B4D9882BA1D1789AC1442D07617E737405E423362DBC495EB78B5F68475715B"
"D:\BaiduSyncdisk\unity\Chongfandiq\Assets\LastLight\Models.meta","82045377F47DEB1F3A4009DBE86E043128A70CB12D8BFDDF5D87B77B8DCFD597"
"D:\BaiduSyncdisk\unity\Chongfandiq\Assets\LastLight\Scripts.meta","F0E91B87B94F8B4D345D417D3C58C3A1EF339410034F4017EC6089BD900FDFA0"
"D:\BaiduSyncdisk\unity\Chongfandiq\Assets\LastLight\Tests.meta","ACE86C0CC0CD11CE0BB006549BD94625698EC08886EDCDBFCD8B7D12058ED4BB"
"D:\BaiduSyncdisk\unity\Chongfandiq\Assets\LastLight\Models\Barricade.fbx.meta","96A24EEF9789C4B0924C207268DBEA151BB10787D105D5A3DD0FEB0485721523"
"D:\BaiduSyncdisk\unity\Chongfandiq\Assets\LastLight\Models\Beast.fbx.meta","41E83C283D08ED28DF6905A79454DE8D1C8A7D4ECF480ACA8F90C49FB0B8947F"
"D:\BaiduSyncdisk\unity\Chongfandiq\Assets\LastLight\Models\Bed.fbx.meta","F5E923E0E2E9DAC520A2A994E672B5BA920113B4FA3CDF1AE483577E1FCF136C"
"D:\BaiduSyncdisk\unity\Chongfandiq\Assets\LastLight\Models\Core.fbx.meta","7BADC6DA321CB0C197C542FE70A6B4AA6C44F5D33B21F07EE2036094B73ED54E"
"D:\BaiduSyncdisk\unity\Chongfandiq\Assets\LastLight\Models\Door.fbx.meta","24016580CB03B5EFA77574EDF202A48AF6011B5D52DD841C4CCAA14BD15100E0"
"D:\BaiduSyncdisk\unity\Chongfandiq\Assets\LastLight\Models\Fiber.fbx.meta","DE62C729A6C963D58D67611781C7BC47CAFCBA9793C3937D407888A18DFD1607"
"D:\BaiduSyncdisk\unity\Chongfandiq\Assets\LastLight\Models\Floor.fbx.meta","7D544896B0D85DE30932C0F9AF0B5F93D906173255A703763E4D9BD38BE25F2C"
"D:\BaiduSyncdisk\unity\Chongfandiq\Assets\LastLight\Models\Fuel.fbx.meta","0C1FAD88C9A1262BCA0ADB93D591B84114A0B5D8014600C3CAF174812ECB9C2B"
"D:\BaiduSyncdisk\unity\Chongfandiq\Assets\LastLight\Models\Hammer.fbx.meta","78A9B7DE9D7B132C397118343CE1F150AFDC1A28157C436FA6081EE3299CFB27"
"D:\BaiduSyncdisk\unity\Chongfandiq\Assets\LastLight\Models\Liang.fbx.meta","74338A89AD293FC4DEB01B67E4BDBD4CECB8C531CF7743CF0DA3088E157D9EB2"
"D:\BaiduSyncdisk\unity\Chongfandiq\Assets\LastLight\Models\Parts.fbx.meta","74958186B692862E91B6B9B7DD77A146613707DDDF0E3F22D6D9DF9AFD67E8F1"
"D:\BaiduSyncdisk\unity\Chongfandiq\Assets\LastLight\Models\Pod.fbx.meta","1260B3EFB0E45F3676DE3B51D4F1067E70D6FACAA7D73A0F9E3C2C0FF8CBFD4C"
"D:\BaiduSyncdisk\unity\Chongfandiq\Assets\LastLight\Models\Ration.fbx.meta","2A40E47603BF31BFB149FF19DA39A59DB9981C46031BE15E8DADCA37A82491F6"
"D:\BaiduSyncdisk\unity\Chongfandiq\Assets\LastLight\Models\Roof.fbx.meta","67137B38D38A30AE32EC831234C4755E3547CF388FD245400340961FCCE3FC09"
"D:\BaiduSyncdisk\unity\Chongfandiq\Assets\LastLight\Models\Scrap.fbx.meta","86C17DAFF6C9C0BCFB191FF061EE91826130882A0AFB6A7296DDF166A9439915"
"D:\BaiduSyncdisk\unity\Chongfandiq\Assets\LastLight\Models\Stone.fbx.meta","9C5D6243DF9468B533D2DF76F9B650DBB5CB764B272DEE842BDF8CF3C48BB0C8"
"D:\BaiduSyncdisk\unity\Chongfandiq\Assets\LastLight\Models\Storage.fbx.meta","499550F93D53AE4814BC50721ABEA06EFC98EDD6911EF51C06BB05EB4F011433"
"D:\BaiduSyncdisk\unity\Chongfandiq\Assets\LastLight\Models\Stove.fbx.meta","BB5E931BE88EA8CF6C792C78F39B524F04B05320F88918FDD73209EE27515943"
"D:\BaiduSyncdisk\unity\Chongfandiq\Assets\LastLight\Models\Terminal.fbx.meta","8C0D238F94C998BDE8954D4A6CDA3DB60461A7E6EB15FD52CDF07E370767CD01"
"D:\BaiduSyncdisk\unity\Chongfandiq\Assets\LastLight\Models\Wall.fbx.meta","66E9799B8E00F973A9F90DA70A108DB3CFA49DA7A46813689E611C276749B279"
"D:\BaiduSyncdisk\unity\Chongfandiq\Assets\LastLight\Models\Window.fbx.meta","8F166B48AEEE370DE71AB3ABED665929EDBBE133B3BAB0D3B9FC2E8D166ACEB2"
"D:\BaiduSyncdisk\unity\Chongfandiq\Assets\LastLight\Models\Wood.fbx.meta","52B35113235E8E2CAD4C8EF219E0AF8A3F4D97D1295F0106C5A507F0EBE4C11D"
"D:\BaiduSyncdisk\unity\Chongfandiq\Assets\LastLight\Models\Workbench.fbx.meta","CF33D007F721A4F947DAA80862BA52C11177C39C706730615CA7C62E9D27374C"
"D:\BaiduSyncdisk\unity\Chongfandiq\Assets\LastLight\Scripts\Core.meta","B789ED0C4F22E25D96ED63604AFFCEE4D1502860003E33FF8EB7D980933E1345"
"D:\BaiduSyncdisk\unity\Chongfandiq\Assets\LastLight\Scripts\M1Actor.cs.meta","CB72C27A6CEEC8163D6B94093DDD0F4E2B61AF002355FFCE60F0E7608B62F264"
"D:\BaiduSyncdisk\unity\Chongfandiq\Assets\LastLight\Scripts\M1Entities.cs.meta","E61879218D879208C88C5F5E12BF92B1BC0668F546A16B7AB71FB2F44DCA1036"
"D:\BaiduSyncdisk\unity\Chongfandiq\Assets\LastLight\Scripts\M1Session.cs.meta","6EBD779F749A867B6CC56726AD2425D49434B08AF92CEEA056625BB43ED2CB8A"
"D:\BaiduSyncdisk\unity\Chongfandiq\Assets\LastLight\Scripts\Core\LastLight.Core.asmdef.meta","B48877FF8B8D7EC9087591586ED6C062C843C1E6990B69AB1F48C9EEE2268EE1"
"D:\BaiduSyncdisk\unity\Chongfandiq\Assets\LastLight\Scripts\Core\M1Rules.cs.meta","0741898E257870A2ECABCE6F575C9D7FAC0616EADB09E88BC48657DAF2EADF1D"
"D:\BaiduSyncdisk\unity\Chongfandiq\Assets\LastLight\Tests\Editor.meta","144A6F5C3AA89C1D421CFBFC42ACE9EBD1C1C888A6D29B98E9C9D87140AFCFB0"
